Alice,"This is a great article!"
Bob,"I completely agree with your point."
Charlie,"Could you elaborate on this topic?"
Diana,"Thanks for sharing this information."
Eve,"Interesting perspective, I never thought about it this way."
Alice,"This is a great article!"
Bob,"I completely agree with your point."
Charlie,"Could you elaborate on this topic?"
Diana,"Thanks for sharing this information."
Eve,"Interesting perspective, I never thought about it this way."
Alice,"This is a great article!"
Bob,"I completely agree with your point."
Charlie,"Could you elaborate on this topic?"
Diana,"Thanks for sharing this information."
Eve,"Interesting perspective, I never thought about it this way."
Alice,"This is a great article!"
Bob,"I completely agree with your point."
Charlie,"Could you elaborate on this topic?"
Diana,"Thanks for sharing this information."
Eve,"Interesting perspective, I never thought about it this way."
Alice,"This is a great article!"
Bob,"I completely agree with your point."
Charlie,"Could you elaborate on this topic?"
Diana,"Thanks for sharing this information."
Eve,"Interesting perspective, I never thought about it this way."
Alice,"This is a great article!"
Bob,"I completely agree with your point."
Charlie,"Could you elaborate on this topic?"
Diana,"Thanks for sharing this information."
Eve,"Interesting perspective, I never thought about it this way."
Alice,"This is a great article!"
Bob,"I completely agree with your point."
Charlie,"Could you elaborate on this topic?"
Diana,"Thanks for sharing this information."
Eve,"Interesting perspective, I never thought about it this way."
Alice,"This is a great article!"
Bob,"I completely agree with your point."
Charlie,"Could you elaborate on this topic?"
Diana,"Thanks for sharing this information."
Eve,"Interesting perspective, I never thought about it this way."